timestamp,run_id,status,signal_mode,artifact_threshold,vote_mode,vote_weights,stratified,batch_size,eval_batch_size,dropout,patience,backbone,region,augment,n_splits,cwt_baseline,win_auroc_mean,win_auroc_std,win_acc_mean,win_acc_std,win_sens_mean,win_sens_std,win_spec_mean,win_spec_std,subj_auroc_mean,subj_auroc_std,subj_acc_mean,subj_acc_std,subj_sens_mean,subj_sens_std,subj_spec_mean,subj_spec_std,delta_auroc,log_path
2026-09-25 17:35:28,20260925_173528_full_wvote_artifact30_w0-5-5-10-0-15-15-30_strat_4err,COMPLETED,four_error,30.0,manual,"{0: 0.0, 1: 0.5, 2: 0.5, 3: 1.0, 4: 0.0, 5: 1.5, 6: 1.5, 7: 3.0}","{0: 4, 1: 8}",32,32,0.5000,30,mobilevit-small,event,False,15,subtraction,0.5702,0.0443,0.5447,0.0388,0.5192,0.0697,0.5840,0.0570,0.8420,0.1040,0.7220,0.0900,0.8250,0.1630,0.5170,0.2320,0.2718,C:\Users\user.LAPTOP-M31S3OSQ\mci\outputs\logs\run_20260925_173528_full_wvote_artifact30_w0-5-5-10-0-15-15-30_strat_4err.log
2026-09-26 10:36:36,20260926_103636_full_pat015_wvote_artifact30_w0-5-5-10-0-15-15-30_strat_4err,COMPLETED,four_error,30.0,manual,"{0: 0.0, 1: 0.5, 2: 0.5, 3: 1.0, 4: 0.0, 5: 1.5, 6: 1.5, 7: 3.0}","{0: 4, 1: 8}",32,32,0.5000,15,mobilevit-small,event,False,15,subtraction,0.5729,0.0372,0.5444,0.0264,0.5161,0.0598,0.5884,0.0630,0.8270,0.1020,0.7170,0.0850,0.7830,0.1800,0.5830,0.1970,0.2541,C:\Users\user.LAPTOP-M31S3OSQ\mci\outputs\logs\run_20260926_103636_full_pat015_wvote_artifact30_w0-5-5-10-0-15-15-30_strat_4err.log
2026-09-26 10:57:00,20260926_105700_full_wvote_artifact30_w0-5-5-10-0-15-15-30_strat_4err_nocwtbl,COMPLETED,four_error,30.0,manual,"{0: 0.0, 1: 0.5, 2: 0.5, 3: 1.0, 4: 0.0, 5: 1.5, 6: 1.5, 7: 3.0}","{0: 4, 1: 8}",32,32,0.5000,30,mobilevit-small,event,False,1,bypass,0.5335,0.0000,0.5513,0.0000,0.6443,0.0000,0.3968,0.0000,0.8440,0.0000,0.8330,0.0000,1.0000,0.0000,0.5000,0.0000,0.3105,C:\Users\user.LAPTOP-M31S3OSQ\mci\outputs\logs\run_20260926_105700_full_wvote_artifact30_w0-5-5-10-0-15-15-30_strat_4err_nocwtbl.log
2026-09-26 21:40:30,20260926_214030_full_pat015_wvote_artifact30_w0-5-5-10-0-15-15-30_strat_4err_nocwtbl,COMPLETED,four_error,30.0,manual,"{0: 0.0, 1: 0.5, 2: 0.5, 3: 1.0, 4: 0.0, 5: 1.5, 6: 1.5, 7: 3.0}","{0: 4, 1: 8}",32,32,0.5000,15,mobilevit-small,event,False,15,bypass,0.5750,0.0451,0.5470,0.0367,0.5295,0.0631,0.5744,0.0483,0.8580,0.1010,0.7110,0.0850,0.8170,0.1500,0.5000,0.2580,0.2830,C:\Users\user.LAPTOP-M31S3OSQ\mci\outputs\logs\run_20260926_214030_full_pat015_wvote_artifact30_w0-5-5-10-0-15-15-30_strat_4err_nocwtbl.log
2026-09-27 10:31:52,20260927_103152_full_pat015_vauroc_strat_4err_nocwtbl,COMPLETED,four_error,30.0,auto_auroc,off,"{0: 4, 1: 8}",32,32,0.5000,15,mobilevit-small,event,False,15,bypass,0.5826,0.0468,0.5517,0.0379,0.5264,0.0699,0.5910,0.0592,0.7770,0.1660,0.7170,0.0900,0.6830,0.1870,0.7830,0.2720,0.1944,C:\Users\user.LAPTOP-M31S3OSQ\mci\outputs\logs\run_20260927_103152_full_pat015_vauroc_strat_4err_nocwtbl.log
2026-09-27 19:41:57,20260927_194157_full_pat015_vstack_strat_4err_nocwtbl,COMPLETED,four_error,30.0,auto_stacking,off,"{0: 4, 1: 8}",32,32,0.5000,15,mobilevit-small,event,False,15,bypass,0.5747,0.0456,0.5499,0.0328,0.5312,0.0554,0.5788,0.0571,0.7460,0.1650,0.7000,0.1350,0.6420,0.1820,0.8170,0.2490,0.1713,C:\Users\user.LAPTOP-M31S3OSQ\mci\outputs\logs\run_20260927_194157_full_pat015_vstack_strat_4err_nocwtbl.log
2026-09-27 22:17:22,20260927_221722_full_pat015_wvote_artifact30_w0-0-0-15-5-15-10-35_strat_4err_nocwtbl,COMPLETED,four_error,30.0,manual,"{0: 0.0, 1: 0.0, 2: 0.0, 3: 1.5, 4: 0.5, 5: 1.5, 6: 1.0, 7: 3.5}","{0: 4, 1: 8}",32,32,0.5000,15,mobilevit-small,event,False,15,bypass,0.5854,0.0449,0.5604,0.0287,0.5502,0.0803,0.5724,0.1114,0.9100,0.0790,0.7890,0.0850,0.9330,0.1110,0.5000,0.3290,0.3246,C:\Users\user.LAPTOP-M31S3OSQ\mci\outputs\logs\run_20260927_221722_full_pat015_wvote_artifact30_w0-0-0-15-5-15-10-35_strat_4err_nocwtbl.log
2026-09-28 00:41:24,20260928_004124_full_pat015_vtruestack_strat_4err_nocwtbl,COMPLETED,four_error,30.0,auto_true_stacking,off,"{0: 4, 1: 8}",32,32,0.5000,15,mobilevit-small,event,False,15,bypass,0.5846,0.0408,0.5542,0.0328,0.5279,0.0763,0.5949,0.0836,0.7580,0.1620,0.6670,0.0000,1.0000,0.0000,0.0000,0.0000,0.1734,C:\Users\user.LAPTOP-M31S3OSQ\mci\outputs\logs\run_20260928_004124_full_pat015_vtruestack_strat_4err_nocwtbl.log
2026-09-28 03:21:39,20260928_032139_full_pat015_vnnls_strat_4err_nocwtbl,COMPLETED,four_error,30.0,auto_nnls,off,"{0: 4, 1: 8}",32,32,0.5000,15,mobilevit-small,event,False,15,bypass,0.5831,0.0422,0.5503,0.0330,0.5138,0.0576,0.6085,0.0768,0.6370,0.1730,0.5170,0.1700,0.4420,0.3820,0.6670,0.3500,0.0539,C:\Users\user.LAPTOP-M31S3OSQ\mci\outputs\logs\run_20260928_032139_full_pat015_vnnls_strat_4err_nocwtbl.log
2026-09-28 05:44:10,20260928_054410_full_pat015_vtruestack_strat_4err_hybridbl,COMPLETED,four_error,30.0,auto_true_stacking,off,"{0: 4, 1: 8}",32,32,0.5000,15,mobilevit-small,event,False,15,hybrid,0.5897,0.0357,0.5611,0.0333,0.5349,0.0679,0.6018,0.0523,0.7850,0.0910,0.6670,0.0000,1.0000,0.0000,0.0000,0.0000,0.1953,C:\Users\user.LAPTOP-M31S3OSQ\mci\outputs\logs\run_20260928_054410_full_pat015_vtruestack_strat_4err_hybridbl.log
